ANID,Group,Sr,Co,B,Ni,U,Li,MgO,Na2O,Ti,Sc,Al2O3,K2O,CaCO3,Zn,Mo,SiO2,Cd,Ba,Rb,Cr
23G-A01,Rancho,9.057482207,8.523135766,50.90735117,0.609503191,1.669991925,12.14484616,365.26521,785.9251482,126.9794065,6.340460085,1310.582976,579.2465859,4897.81137,57.75198814,0.57695935,989077.8721,0.81721714,10.34834471,1.12031749,91.59333035
23G-A02,Rancho,4.013280667,1.886909999,38.65286288,17.08538947,1.556025154,15.53851645,250.8620655,501.7971522,136.5192483,7.277820388,1630.517646,442.877146,4886.234187,101.261096,1.045526424,974878.2315,0.423603096,8.376463729,0.646718046,55.65694542
23G-A03,Rancho,6.16470424,0.651047362,36.31521624,11.57408059,1.401546363,17.64359404,122.0756721,348.1922713,70.08934208,7.922800268,795.1456313,308.2358962,4805.123695,58.26588699,0.738911304,987542.8707,0.289129128,18.73427783,0.610698399,49.4183694
23G-A04,Rancho,19.70826205,1.304597695,85.44961379,11.74494979,4.322118542,3.4463554,227.9239794,653.7127177,147.5853378,16.25637133,1183.823755,981.3909959,11731.94884,131.1499323,1.620419866,979489.0598,2.582334062,16.30161504,1.410059331,0
23G-A05,Rancho,5.698561684,9.380237894,56.44278795,0.225443149,1.700864238,14.34727516,113.5090944,926.9068146,83.94767697,5.68265213,1302.815452,549.4008309,4095.335333,72.7271191,0.64801313,991963.568,0.954573548,40.17684502,0.976362688,35.97414343
23G-A07,Rancho,82.55420851,7.131691508,50.2690521,0.317251348,4.443154104,20.38359163,157.1733411,653.5208987,68.08574721,8.243178452,3040.520018,477.3075493,6879.564396,41.24241791,0.80437739,983865.1643,0,125.8605004,0.501761478,25.98810611
23G-A09,Rancho,9.190950624,0.291047734,36.01991392,6.949654489,1.683610257,14.01058101,192.6834042,674.9748762,124.7938524,7.079303726,1225.343205,472.9988145,6601.960914,61.6496461,0.658994803,988749.8471,0.74130884,4.968378353,0.588777818,47.35559085
23G-A10,Rancho,6.133361846,0.276462891,50.35129556,8.886118773,1.213185317,13.29894921,160.0657641,707.9831392,70.76200462,8.476724302,1021.701335,351.3937197,4439.486773,59.69929629,0.341994226,991304.6685,0.467150533,45.44661019,0.610138339,41.69442937
23G-A13,Rancho,1.8739919,0.199294127,40.94049407,8.387138388,0.780527847,7.502610058,109.8049044,328.5263682,31.74342125,8.002171627,547.0338646,315.1218452,6774.06233,37.31624717,0.09626557,991636.3288,0.37585639,2.669287151,0.373658346,22.58790153
23G-A16,Rancho,4.913942569,0.170505003,40.03630331,7.397974357,1.692667559,6.784701508,124.3951702,339.6463928,38.25896837,8.201836486,596.9222745,313.8819572,6531.073173,51.39065844,0.306453892,990573.5245,0.244185578,26.20106906,0.57730122,48.77730126
23G-A22,Rancho,7.723286643,11.60495337,38.8588874,1.203231863,4.062028295,17.99170472,163.3165747,744.310721,177.975236,7.249643983,1197.353566,501.2342885,6629.899788,47.89076518,0.47033407,982724.6888,1.065905427,44.43731586,0.875264566,69.29537543
23G-A23,Rancho,5.233137765,0.44522439,31.23337519,10.15181717,1.792563591,34.94824148,140.5876061,472.6829392,113.3068436,8.154047635,1403.71531,456.829747,4819.628823,43.46615768,0.127690638,988771.8231,0.285600559,22.19038055,0.945337579,50.87507571
23G-A24,Rancho,67.37719596,1.738989749,18.28084026,16.36994585,1.324075306,27.7313558,1291.242617,605.8165469,54.09775967,7.034572893,1697.032775,460.4885513,49334.29916,131.9660479,0.671009097,942960.7489,0.833297883,10.54548988,0.938900325,56.74211387
23G-A25,Rancho,14.69573862,2.004592739,48.8029784,38.03361142,4.752161948,9.217814847,158.056511,478.5444119,171.4813249,7.145953622,672.6844976,361.4223349,9322.503647,77.92175657,9.7787071,967960.4371,1.375018814,7.623093945,0.516925541,0
23G-A26,Rancho,10.69689453,12.46756927,42.36715547,0.754367954,1.299492026,24.88069426,108.0652091,443.7717662,124.2229289,8.120428957,566.762528,335.2010167,5188.586658,27.45107472,1.253879691,986525.5776,0.937739137,108.6694615,0.577427109,54.24690522
23G-AA01,23G-AA,308.7839429,3.386612718,3.062934357,0.417392776,0.725432319,1.542401861,2228.525418,102.5760463,4.801682111,2.36706177,26.74580957,39.85445126,713340.09,16.84220849,0.250755018,282831.2094,0.573470112,162.3387706,0.198866761,21.97307773
23G-AA03,23G-AA,399.1920513,4.781785672,2.615072455,0.459721434,0.67561002,4.479384192,2521.56193,190.7712879,9.250264706,2.918597288,70.24389537,94.6608014,636905.6932,14.77655326,0.497661706,355211.5654,0.379379732,343.810792,0.191709299,25.59438989
23G-AA04,23G-AA,44.28965257,16.89793163,14.60472229,0.864987741,0.333214852,11.853808,91.98943945,190.4089802,13.85300499,7.39283059,143.8285811,179.8297979,10002.97875,28.49933694,1.733299061,985172.9526,1.921943872,271.5605379,0.407905014,0
23G-AA05,23G-AA,1.36209411,5.10830231,6.112103141,0.495245245,0.322827808,3.507934357,61.63834694,99.26455676,4.74246508,5.303940857,580.6895971,74.66844622,4028.889713,12.55486118,0.50886918,988387.9599,0.558609789,12.15581304,0.176423979,0
23G-AA06,23G-AA,3.807810714,7.102615977,25.98303255,1.758383845,0.50175801,1.951032865,44.70717837,129.2629939,17.82865174,10.51551599,64.171231,167.0957648,7832.632401,14.51916505,1.60160182,990704.8364,1.953504596,36.29504408,0.246787694,0
23G-AA07,23G-AA,1.559389715,6.980454124,14.40008095,0.919816675,0.81366119,1.423896225,33.74319434,112.9339582,25.44609146,5.815476805,104.3153726,158.1584427,4995.93866,15.06463378,1.331892673,991675.2268,1.462081638,11.77304448,0.307843108,0
23G-AA08,23G-AA,26.18270492,6.85844824,9.201690532,0.659931788,0.429719186,2.748857666,93.34163837,141.599288,22.02908281,6.611691563,88.10432683,77.07189338,24655.50536,23.73457164,0.552112823,973455.5498,1.894001194,614.3295758,0.302438019,36.95305799
23G-AA09,23G-AA,4.468608266,6.788686307,10.92722589,0.878853555,0.555303999,2.476578645,36.31185393,153.5500132,12.1599673,6.076735027,504.8813775,131.1389226,4275.10067,9.869029706,1.816832567,991831.2718,1.080988139,20.0841668,0.546248153,43.08095886
23G-AA09(2),23G-AA,1.372278713,4.758099244,8.876673611,1.294079003,0.454786195,2.13792286,62.1645579,146.4240047,16.58676669,6.694125472,438.66806,140.8509656,4009.598446,12.37063013,1.722174768,991904.9529,2.072930669,0.670742205,0.654687196,60.14999746
23G-AA11,23G-AA,0.703764122,5.135598144,13.43737268,0.544937211,2.307836223,0.596730736,32.80514573,155.0114788,14.83979646,5.826073622,125.0264198,79.7922733,3668.583283,12.68958161,0.402269946,995578.1522,0.735984605,0.50901001,0.278932453,72.11718075
23G-AA11(2),23G-AA,1.138689531,5.277610921,13.01454302,0.614068416,2.111686704,0.684895702,38.09500331,153.1428326,7.944893532,5.817679791,204.1864468,91.54878088,3655.465633,12.79295306,0.346776228,995507.5672,1.26890894,0.595502542,0.24045332,28.57164726
23G-BA01,23G-BA,2.364863399,12.41142989,29.92145304,1.024457025,32.43866376,0.440734684,49.51385611,158.659823,46.17002847,11.3477034,222.9262633,484.6494621,5715.828679,24.44982678,145.2587178,985278.5921,11.21670398,26.5431045,0.817568793,0
23G-BA01(2),23G-BA,3.797786797,17.04702075,24.47195665,4.427183064,26.14777908,1.389619147,29.02999774,188.8189769,83.49287678,3.764188551,130.9844001,0,4557.876303,20.25169233,56.16352911,991109.2344,6.980097455,11.79831287,1.456929046,0
23G-BA02,23G-BA,71.759211,15.31699256,195.2984542,11.25370881,9.892664387,3.384343446,115.3724203,338.1946185,68.17952937,0,230.314437,0,14212.22288,97.51514008,103.5949662,973946.269,29.06941127,5597.538064,2.853637642,0
23G-BA02(2),23G-BA,621.0920078,51.12567044,109.5588223,20.51381765,30.16261957,6.354223272,146.1486808,1268.693558,384.0283581,15.30999192,435.6475744,0,20659.28088,192.4577418,380.8628995,945691.9063,60.64315232,11251.99439,6.250771977,0
23G-BA03,23G-BA,1.367694167,11.32461067,7.331450568,0.983400127,12.61466439,0.161491485,32.75318426,22.67892685,18.46542963,8.301660447,28.67333717,0,3383.008372,16.06021505,2.313560849,988624.0336,2.262363628,3.710215669,0.249848946,0
23G-BA04,23G-BA,1.988610668,13.61386697,12.00371579,0,2.207563936,0.887787178,40.19725849,100.3242263,10.09975293,6.192579671,82.84492679,0,4953.60137,24.50019398,4.448118093,993163.7611,6.645351864,2.406964156,1.056806765,0
23G-BA04(2),23G-BA,3.940804733,11.45718532,39.83903944,4.626028146,6.336515509,1.110518898,62.10763478,124.1502044,16.03730231,12.11934354,93.79065125,0,5038.852848,38.92361384,2.542724897,993404.374,0,62.10345447,1.812340961,176.8170069
23G-BA07,23G-BA,2.653485725,9.881600515,89.82983548,4.634729759,2.915027376,0.818896374,87.07231746,92.82608197,100.45994,9.261256054,108.6464211,0,8542.575657,34.6255999,8.380939274,980146.9152,9.56672555,3.101278489,1.453428365,0
23G-BA08,23G-BA,1.289530322,6.5013112,16.80747846,0.883405032,4.766836813,0.343174399,120.1468202,349.0205603,12.24665324,7.74281219,539.1900687,108.8147352,5371.748213,38.67308952,1.150546657,992006.0759,4.72799879,2.864673791,1.316888811,0
23G-BA09,23G-BA,56.88346423,24.03944135,29.18330756,9.313048802,14.63483547,1.655786395,199.0694265,127.4530413,19.10807079,7.406638209,1262.895531,834.4272215,13862.30073,41.29369723,56.55248243,970531.4401,6.242931463,48.61593789,1.654683439,0
23G-BA10,23G-BA,3.843584872,7.780692757,7.954980434,0.561467479,4.492036098,0.341498798,29.94233379,39.21762089,5.837248369,4.433436415,21.94280837,153.0563495,4019.045846,18.56565313,0,995282.2023,2.021370295,0.539723941,0.255914533,97.17032429
23G-BA12,23G-BA,1.636938456,8.635958842,19.24817991,3.948753,6.158828201,0.315120863,56.52033913,82.55139602,15.42460386,13.25480895,126.2455935,290.8611209,7699.668276,50.16498248,2.297871675,990810.3867,4.196781662,0.647850104,0.796997034,171.7171015
23G-BA13,23G-BA,1.09367122,8.048707086,24.93988804,2.83336884,8.220697269,0,57.15141025,86.03926301,16.82528224,7.593918998,108.141895,0,6048.618929,26.81297998,2.193219829,989655.925,6.008471792,2.237636335,0.676177281,313.3317331
23G-BA15,23G-BA,1.042018034,7.53270207,17.32847495,1.415691378,5.644404622,0.309742235,35.36565418,74.34719678,9.375271162,8.749893317,43.63592279,130.655222,5214.123579,15.30388879,2.323183412,991919.8149,3.093861791,1.637465911,0.5595668,85.04059461
23G-F01,23G-F,1.021682656,8.851721245,51.12601524,0.406773282,0.569197497,5.600305124,66.7262071,407.392795,99.90199728,5.824250418,720.66791,531.2326727,3814.622943,21.51430201,1.684270351,991560.2702,0.660637471,5.284578036,0.8463058,0
23G-F02,23G-F,2.041133425,0.212138549,33.33107126,8.260143697,0.275075142,6.908197317,62.45191931,257.3239452,34.32472946,8.208078183,547.0351948,274.1219034,3759.28936,15.09653145,0.599702573,992408.7824,0.371542965,18.37355411,0.487315686,30.88912975
23G-F03,23G-F,1.849686344,0.173060315,56.78438787,8.292541081,0.845004251,4.567526892,75.1825596,380.0423334,63.33339079,6.273566791,689.2387854,424.6874859,4280.052834,15.04760225,0.541217265,992737.3845,0.509669166,3.964963046,1.402674868,41.14435667
23G-F04,23G-F,2.999450323,0.196978862,45.55900133,8.373425571,0.940620694,7.034363527,92.44901126,376.0577067,91.37651105,8.20915544,812.0911798,404.3591669,4274.55328,13.28020716,0.341544254,992520.1554,0.668011767,7.976760955,0.83549361,53.24178348
23G-F05,23G-F,0.941050067,0.389761979,38.95138551,9.268178226,0.394672303,2.063977962,88.59050066,312.7293063,47.80304514,7.778618942,525.7531317,323.6865975,4136.878051,23.47529049,0.491600507,992662.1761,0.404261498,1.488798247,0.655956282,39.3458405
23G-F06,23G-F,2.571886471,0.361078077,40.93354746,8.197511474,0.492156558,2.994416998,73.91679407,351.3341354,90.95979303,7.836359485,606.6070002,389.8580112,3938.345386,17.3392259,0.607403825,992048.6898,0.327945317,5.189006246,0.863688644,35.60057286
23G-F07,23G-F,22.46531737,15.47337741,33.32062798,0.706241449,0.983596265,13.50094187,847.3919147,1062.591957,98.37924571,5.876081484,1538.02419,961.9317654,19688.45239,298.3625489,1.782818352,972028.1982,0.295635598,14.92719665,1.573217231,39.5952399
23G-F08,23G-F,2.398500033,6.490063015,65.64570703,0.362905698,0.448530406,1.972919295,130.0165985,664.3169307,190.89827,6.318395058,505.4030474,505.1034609,4160.635867,31.72710274,0.381573812,992954.796,0.563967682,2.419798077,1.023365065,39.16906886
23G-F09,23G-F,1.104878851,9.326476961,73.4273765,0.649968485,1.373409104,4.693468537,98.90146317,495.0146007,105.7698356,5.035980043,1011.264775,550.342535,3632.483846,31.56896851,1.201104939,989065.3866,2.195186895,5.807720376,1.464016366,53.61871137
23G-F10,23G-F,2.912454209,11.53953098,59.06890049,3.183520442,0.567692572,3.044976906,114.5701266,511.8566926,122.7195371,12.93935473,743.7052745,394.407918,4064.617605,32.75295496,2.373654793,988282.8377,1.551735542,3.48083972,1.001251343,0
23G-F11,23G-F,2.834173358,8.098672346,69.3871066,1.84181252,0.536462059,1.706803988,126.1105151,437.2934357,104.8709896,7.091741253,944.6672889,415.7810383,3761.469222,24.98058433,1.058538547,990142.7398,1.81318437,6.727472481,1.156259152,54.03046128
23GVA02,23G-VA,17.65302304,6.805700611,13.98743788,0.085383158,12.74604931,1.601866381,554.150278,281.0814442,8.825953601,6.754883944,117.9665726,73.61946602,16285.74078,20.29290418,0.16144717,981941.7342,1.08905424,121.3599386,0.653851926,0
23GVA03,23G-VA,3.993170682,10.48816756,43.74137353,3.24453844,1.368333602,21.78523804,2464.395831,330.4259544,90.50554108,9.162814104,739.0884742,808.4219461,10661.10777,155.8745129,4.141092404,968113.7972,4.138378618,22.08707765,2.30531828,0
23GVA04,23G-VA,0.790564055,6.632518049,9.846822518,0.512545702,0.830295071,5.141892822,723.9986528,111.5593876,8.759815927,6.729808791,433.1252818,141.7998579,4398.441388,13.77978365,1.043444759,991256.6226,0.983174617,11.53956185,0.186711003,0
23GVA05,23G-VA,18.08907685,4.29747136,43.62671825,3.142041143,0.490780356,7.685591686,10123.65919,325.3030232,75.46681908,15.79100369,797.4502087,0,33724.10183,64.29365703,2.079400464,947645.3369,6.234113306,240.2759479,8.030768471,359.821392
23GVA06,23G-VA,4.203127885,6.829909488,8.424700867,0.240901516,1.434303048,2.603235538,2540.901948,258.5633773,63.80315422,8.145853173,480.2203922,254.3162403,12082.06143,47.24826564,0.474768522,980722.8676,1.541986523,24.2645883,0.731781849,60.64827497
23GVA07,23G-VA,1.119767861,8.267888144,9.657163214,0.128077823,0.402563348,3.798906932,42.7452584,121.6441286,41.31961744,7.511104384,322.6591794,201.9760177,3814.885332,10.5244274,1.151481151,986648.3511,0.647283685,2.464562876,0.910451289,45.87024564
23GVA08,23G-VA,0.530540811,5.805792399,15.44784369,0.189673441,0.250479444,11.73748609,62.41128479,216.196022,68.26391442,7.520064354,665.613629,276.6521154,3743.314468,15.21520438,0.513514393,993781.2207,1.026355743,2.873714875,0.437738449,0
23GXA01,La Milpa N,8.090197284,9.758785255,11.81159243,0.450410207,1.980625745,11.22193889,11732.63935,453.9736892,272.1598869,6.561596273,4368.604133,610.9138491,20155.17198,6.728352277,1.139049255,959370.0101,0.716535892,66.55431289,3.691883133,73.35024282
23GXA06,La Milpa N,20.07673949,8.257460576,8.179582912,0.818385151,1.24326638,19.16851999,36830.41258,449.0227455,232.1722581,6.099013524,4013.923982,651.3033875,51109.41128,15.68792576,0.939158339,903625.5104,0.590791536,16.19993195,4.312850354,78.96026114
23GXA07,La Milpa N,28.90653907,82.3602647,18.54611619,4.936105551,3.833054258,22.61078339,14395.4474,393.0883926,366.034313,5.312449537,2902.627424,411.7978789,28647.72485,133.1938841,11.59812237,852823.0795,1.49100236,241.1511154,1.766759307,80.20672217
23GXA10,La Milpa N,2.296789904,12.30941851,8.525167731,0.513251033,0.918989744,14.01092362,3471.090043,373.4401629,222.6155594,7.863854927,6642.611348,981.722012,4340.558863,8.053401963,0.509631756,980772.6901,1.442661496,5.319391171,6.189225892,83.34918114
23GXA11,La Milpa N,0.844518214,6.30064786,10.05370357,0.335110333,0.678752845,50.07040214,45.50743418,179.0323267,54.37925569,5.958123258,659.3083413,250.8882517,3737.869903,4.541618561,0.739606377,993045.5813,0.382095106,1.800828157,1.023367489,38.18953288
23GXA12,La Milpa N,1.069617418,7.424701674,9.469305642,0.21983524,0.437827936,40.87344031,192.1925709,174.038236,118.7202534,6.569833785,595.928369,226.5823291,4089.607167,5.544607334,0.444755758,993263.608,0.26978808,2.356699173,0.974277098,43.69250773
23GXA13,La Milpa N,0.986760452,9.533846906,10.11008779,0.324638275,0.411884613,85.09782608,35.56357029,297.8393331,73.94158667,6.812076188,912.8370811,213.5565965,4312.937816,6.306571995,0.29625313,990980.966,3.909398869,9.502002839,1.200002899,57.8940908
23GXA15,La Milpa N,0.916092274,9.274588318,11.38705019,0.139645615,0.563268208,72.58858815,32.5821043,333.4218834,68.52355492,7.241375818,845.2157947,241.0522006,5278.023714,3.856383892,0.316597644,991724.6691,0.78335025,1.575406589,0.880724169,31.75312447
23GXA16,La Milpa N,10.15178077,7.835492264,46.59262182,0.4401243,1.471419369,24.21762712,13040.86103,487.2460065,184.5917286,10.43616153,3082.008966,814.0776061,21307.12301,16.86601513,1.419133276,958414.0492,4.321635366,90.03206589,3.023201616,0
23GXA17,La Milpa N,1.464855444,11.28142746,13.04361121,0.431892675,0.555939906,48.64525548,329.4765012,217.6242474,96.36431813,5.938755643,901.9938905,353.0476134,3383.131167,22.40034152,0.860129915,990686.2223,0.561283414,1.675000796,2.06356419,103.7026613
23GXA18,La Milpa N,1.275135034,12.46861951,5.16799084,0.398624143,0.509025533,55.31024693,91.62998481,280.9512595,128.7628592,5.756702983,801.7048056,356.5321557,4205.437365,14.18994102,0.531178371,989493.8969,0.350475305,4.223827585,1.067067733,0
23GXA19,La Milpa N,3.015826412,7.107853684,9.463190743,0.635586998,1.29356031,10.94426854,3569.994665,392.6656444,201.2260189,7.007312347,3633.195089,665.1542333,6637.972078,13.69794526,0.439153209,983414.4254,0.891558282,5.314006338,2.575073896,74.61344996
23GXA23,La Milpa N,0.689155652,9.136600874,11.79125805,0.261908654,1.677665726,5.942893926,330.857802,96.98087498,18.42996398,6.728726558,137.3846647,151.0315924,4015.263876,11.17563881,0.513111599,992340.7883,0.314953548,2.109774299,0.363721713,42.17633624
23GXA24,La Milpa N,7.949459128,16.27377809,10.90668398,0.444548593,0.828577783,13.05495513,81.61822141,255.0390633,82.02625775,7.623892114,979.903296,278.028151,13254.8175,26.3028221,0.465024778,979520.892,0.861815342,8.823926243,1.177720468,0
24GA01,La Milpa N,1.833980946,20.69121203,3.128742589,2.796997019,0.671928554,11.80997304,347.7548244,182.4664463,34.80301287,6.67356692,719.0530525,334.2063555,3869.955168,23.54998177,2.52207563,975321.9953,0.717023571,17.65788683,0.787284159,35.04640838
24GA02,RBR04,1331.141645,7.760883169,18.02552222,0.914994381,7.300136883,4.845020382,344.9090876,150.8430318,68.18368119,4.541859231,571.494493,295.603539,6937.394683,56.11450625,2.234831272,987143.5459,4.362807311,1130.055915,0.739525181,0
24GA03,RBR04,180.0953273,4.679518846,10.56814362,0.357344243,21.46495798,1.874800718,334.1445115,238.8034511,11.87477908,7.573219283,432.3619413,189.6037028,6323.12774,16.35914305,0.389792708,991584.9782,1.970092011,164.2204543,0.839267673,0
24GA04,RBR04,0.347459276,5.619761886,10.26586245,0.216514752,4.077695285,0.279682755,19.59571472,108.908897,2.618082778,5.905111362,105.8199074,92.22801929,3894.644992,9.02289872,0.189647603,995505.0967,1.042378264,0.153544648,0.207455945,55.36559326
24GA05,RBR04,34.13070973,14.08637264,7.516467816,30.0131396,15.93428454,9.340503553,914.2077307,256.16645,49.91427026,7.979779732,646.6818491,269.6074417,17083.02147,13.67404269,0.413114226,971978.4988,1.357619968,887.3649717,0.579146294,28.05950331
24GA06,RBR04,41.09052725,8.711069925,21.7147385,0.977393828,14.21040039,4.460412597,244.8716812,297.5523323,21.67491461,6.677583017,578.8243354,325.7012704,4865.659322,70.59657803,0.393347736,991572.7369,1.474087363,197.7407934,1.174248281,43.4652159
24GA07,RBR04,45.61346548,7.743809994,25.74646143,0.460297931,10.48330862,20.19238755,84446.83461,534.4135295,39.84406924,4.003896009,741.03578,414.1898535,95881.54133,17.9009746,2.728511672,816264.7584,1.718502935,93.19519494,0.787133421,83.37467443
24GA08,RBR04,2.911952617,16.93416939,11.15187049,0.150954833,10.34470827,10.03856322,1399.238199,297.1101561,26.75079366,6.654300345,284.0654332,272.1460852,8990.714751,19.34955215,0.132501622,988008.1504,7.43356211,19.22791484,0.678150597,0
24GA09,RBR04,3.25510148,4.706439685,28.89123856,0.597690173,4.096210606,2.199468359,595.2240684,347.8969866,23.13311942,8.274414467,498.1945084,413.2938328,4242.3583,30.34831695,0.483682499,991440.386,1.87923324,12.49086241,0.349475463,88.32658822
24GA10,RBR04,641.2423147,8.076264065,23.66209177,0.854768873,5.3710236,10.60772354,254.5689815,439.0490024,37.74717228,8.186329955,558.0404054,140.1790308,18417.1245,23.49404341,0.502706526,973126.0506,1.682054095,3382.514891,0.5420084,0
24GB01,La Milpa Quarry,6.54698668,13.07467499,2.639019538,0.280674799,0.541615899,43.04314689,32.08080869,162.0967706,91.01420742,7.194853527,687.9150097,254.6325289,4095.862632,7.689238229,0.80735862,989194.0726,0.57136608,1.685395881,0.781818529,68.81265819
24GB02,La Milpa Quarry,20.7946005,16.22381455,104.2386699,4.095373589,8.413389372,0.270252978,387.7527055,136.0573349,304.1150814,20.63095899,7049.177275,2358.825979,12995.74385,68.48463209,8.636081394,966603.8342,14.24628739,430.5323653,2.845548309,0
24GB03,La Milpa Quarry,0.248181579,7.20966772,57.73980099,0.17765717,2.01768608,0.171796758,10.83779057,101.1220374,1.309588041,6.723090168,65.0759221,133.1235828,3681.517832,7.110537883,0,995844.7328,0.445136313,0.383404128,0.394700277,0
24GB04,La Milpa Quarry,2.873422587,12.88634773,61.01585577,3.975360403,2.589033284,1.490681528,12.93056589,107.9220882,18.29957062,14.40915361,28.45971118,0,7215.064416,55.24788883,1.071799687,991350.04,6.28645873,2.511499727,1.303949425,0
24GB05,La Milpa Quarry,3.542317145,6.477745167,33.35033043,0.494349297,3.713871332,0.755091084,422.3644572,75.80625476,4.152992835,7.52760244,226.9370778,0,4037.133096,11.17413656,0.486478783,988691.0823,1.783349088,51.42666135,0.213723303,0
24GB06,La Milpa Quarry,0.847494863,6.72092884,4.990685996,0.365009132,0.09647344,1.271430844,28.46550306,104.6467944,17.30334417,6.873794049,212.3529445,115.6069934,4189.647704,20.11083145,0.128284942,994572.1479,0.15675698,5.076872643,0.367807822,0
24GB07,La Milpa Quarry,91.26415448,42.88397132,28.02966882,2.40455016,2.997539078,5.130173115,191.2949068,241.0073943,436.6862565,8.209800728,2273.971122,445.0514712,4641.928924,47.86531362,1.623909012,939091.7661,4.592295991,14732.16434,1.93613167,0
24GB08,La Milpa Quarry,0.713803695,7.655376425,39.22847164,1.205922748,0.390054716,1.942534733,157.8391692,225.5413777,13.29676706,11.95660642,319.0943332,0,5060.787525,16.50986918,1.369296119,991663.2951,3.346405601,1.158664599,0.832941504,0
24GB08(2),La Milpa Quarry,1.129081352,7.730578373,4.862399631,0.274039457,0.498959634,29.28958336,22.14902438,134.6486678,48.58707569,7.521082152,458.9048205,211.4641314,3992.048718,9.176859664,0.369612037,993583.8612,0.45272371,1.653614657,0.755292839,71.56687385
24GB09,La Milpa Quarry,1.357456132,4.998313455,8.150601754,0.861658974,0.213598113,0.938293785,21.55240265,147.5212564,28.75486174,6.162662618,326.2097697,163.339956,3561.454082,6.248669705,0.460999299,992876.6873,0.58249617,0.269716611,0.549175296,0
24GB10,La Milpa Quarry,55.56404151,60.29587211,17.16900287,39.11977828,5.569011285,0.852698161,127.377409,119.6525056,10.45286456,6.50708821,79.08977754,206.9959013,4160.390247,27.60677468,13.27566178,944878.0203,1.563722431,9190.764343,0.453367562,0
24GB11,La Milpa Quarry,5.822214528,10.54698749,43.37105963,0.620682379,3.925789281,0.768905833,11.55489517,65.51602644,10.2439831,7.786930108,71.13456526,0,4818.938982,16.80301544,0.697354424,993791.1361,2.114743071,776.2894778,0.348705009,0
24GB12,La Milpa Quarry,216.3506759,5.640126017,167.7193553,0.260512287,3.149492797,8.259773467,54.64518772,310.1540246,56.22548592,7.197234704,490.6991304,677.2285516,4995.228241,14.84387866,1.155367156,981428.8006,0.973243624,7334.795671,1.843637208,0
24GB13,La Milpa Quarry,0.657483165,6.278218941,15.37662849,0.317264574,0.39638497,0.388608106,21.01076793,75.48278324,3.626820493,6.872084398,170.3651121,131.4952193,4160.276794,6.970025676,1.582688668,994070.0399,1.232072163,1.604523306,0.474006706,0
24GB14,La Milpa Quarry,47.72599393,7.680333229,12.39056528,1.126133139,3.056592231,5.207835686,229.209676,279.4003089,7.443309166,7.117074853,689.6933452,118.2222517,4011.77842,22.03191258,0.247195252,993136.5988,0.804722092,51.25721303,0.380039365,60.04315578
24GB15,La Milpa Quarry,2.339272991,8.833705573,80.3493231,0.888488313,4.07803698,0.551030484,33.77113213,109.4023491,11.79571914,8.74041102,45.82853685,0,4656.639461,15.9809549,1.225588183,993463.9171,1.734692609,0.760091533,0.489409387,0
24GB17,La Milpa Quarry,320.7237856,6.200076761,61.90671859,0.446889165,4.207684308,1.382224306,27.91057084,216.86098,21.74251487,6.787318513,216.1491762,387.609534,4387.214603,28.49149165,0.6823516,970356.7932,1.267609512,18074.7007,0.653953978,0
24GB18,La Milpa Quarry,44.81902286,21.04350937,64.92346818,31.35048215,29.15020508,0.36011336,88.39626162,154.3745892,25.38449448,9.228005078,302.6622519,612.0354376,4948.0868,30.09584762,15.30211809,918364.3904,1.883352756,4763.434209,0.906617511,0
24GB19,La Milpa Quarry,0.463498328,9.384656739,70.48020927,0.594055666,2.819107063,0.187130684,24.94743284,174.9055254,3.752165046,7.394836788,75.65227816,176.0481505,4111.631875,4.180239368,0.330785273,994514.7376,0.702288228,0.184633289,0.412124554,0
24GB20,La Milpa Quarry,1.301589024,6.828029581,5.43760806,0.283018208,0.460202932,3.56311769,13.56891558,109.4154001,24.94052758,6.02175393,143.5977694,137.4198869,3434.584752,9.006744324,0.274839963,994541.3948,1.335592019,5.529451557,0.390712773,68.73657496
24GD01,RBR03,0.841993447,7.127369451,53.06300283,0.998219918,4.458731316,0.647610783,62.82155685,167.8230929,22.60608052,13.6734818,91.61874565,0,6660.431689,35.97632064,2.545233966,991314.9408,4.941618602,1.352836366,0.520893132,0
24GD02,RBR03,143.4967207,9.297065614,20.58328981,1.0007322,2.973262201,1.186745437,1046.887972,381.5206285,12.1085036,6.30204228,498.6230832,280.0404726,8682.853535,53.3406844,1.202915865,986157.6394,1.401289979,142.6995749,0.672076671,0
24GD03,RBR03,0.374713812,8.59981715,9.067295384,0.268520038,4.149573671,0.396559901,79.09853695,119.0275109,2.45267415,7.270961479,140.4882209,82.83647394,4271.417244,24.24880121,0.301252635,994911.2116,0.669962089,2.021528184,0.102754423,64.59647939
24GD04,RBR03,0.404701935,6.779381673,8.449888139,0.017217408,2.858466715,1.753573421,68.79371359,104.6631158,103.6516582,6.687734245,448.8027103,130.4944222,3611.656136,4.182751082,0.281694739,994922.6984,0.227289568,0.181809755,0.275896648,38.51926544
24GD05,RBR03,29.28314469,20.50747689,17.96044041,0.354213284,1.835737018,4.122247021,1262.349476,192.9694799,23.53018276,7.077854134,64.78714204,131.6969474,8216.249284,24.41695811,0.496739862,988497.7879,1.928859175,703.8614307,0.372753186,0
24GD06,RBR03,1.012769888,10.79629059,7.120694561,0.587746839,1.483462138,0.590156808,104.1628682,196.2927333,18.3017256,5.432249386,98.56822679,182.1532437,5542.259362,15.2848753,1.17748784,993527.9549,1.662628596,6.508895951,1.144645385,0
24GD07,RBR03,0.489516606,6.335978045,9.744102167,0.169797403,3.428523997,1.653984195,83.69414,126.049447,9.535242125,6.273862516,403.3641409,156.5490736,3400.899816,67.98577684,0.408205091,994776.2477,2.881955271,14.42838164,0.270672633,0
24GD08,RBR03,4.749200377,7.529874331,7.258018761,0.498793761,0.988845028,2.06340954,94.01543298,153.3281109,5.224344278,6.327069178,132.2197943,83.794483,6182.750591,14.20531261,0.25436215,992620.8786,0.718325523,1.960370003,0.291515355,62.66147458
24GD09,RBR03,0.794995025,15.85124771,22.29147397,0.068515972,7.643163292,0.576559087,325.87739,267.8497113,5.399737706,5.852765533,266.6987283,105.8919881,3767.868647,5.856163054,0.105056901,994433.8752,0.538959398,2.324642407,0.24340171,24.25405233
24GE01,RBR03,0.686389268,6.239780185,7.700635411,4.22394982,0.451778402,3.437956099,619.3379613,163.2227575,24.26899366,6.536208126,382.0206884,173.5245842,6488.061566,27.99354057,0,991588.4228,2.508883754,16.41391319,0.459068972,0
24GE02,RBR03,0.711907066,11.07068282,7.297897509,0.316826992,0.272989234,41.07086402,41.19839851,173.9291311,90.41828235,6.758416417,669.6611337,261.0538263,3969.574672,15.68166949,0,986617.9647,1.33511792,1.817296722,0.682653538,119.5681987
24GE03,RBR03,0.280544128,6.412456792,14.1007545,0.367701931,3.276819409,0.474062277,32.60065664,124.2930199,1.914948016,6.973363867,343.6714523,76.79804954,3664.200431,9.327525142,0.143736866,991015.5065,0.405916757,0.674600148,0.155906765,0
24GE04,RBR03,0.352149783,6.419384238,18.54722684,0.185413761,11.67047501,0.206699676,33.47975413,133.6632511,3.112341232,5.635371385,205.2711404,102.308636,3120.454109,10.72014247,0,996105.1158,0.530924567,0.17839714,0.185321064,0
24GE05,RBR03,0.525300645,7.924136614,5.912350418,0.295132916,1.482053064,12.00410179,14.62487039,160.0017662,3.370452789,5.606298096,424.9888765,100.8544465,3461.730195,8.096653877,0.331346315,992710.8413,0.242837397,0.32263377,0.094346968,29.35150122
24GE06,RBR03,1.298104906,8.74917349,3.829533265,0.527921248,0.680540917,15.67056943,61.34935084,205.5968043,128.7470531,7.495960594,847.2630066,216.6047477,3273.40218,10.873648,0.601322156,986348.8636,0.610196598,4.621031117,0.749240253,0
24GE07,RBR03,0.657825319,11.1736959,16.61892201,1.416219055,4.299273375,0.368981814,72.16386927,233.1834971,9.509017944,8.790876621,354.8052881,305.6300089,5042.486912,24.03331936,1.737213439,990743.6759,2.546341214,0.687185889,0.524983482,0
24GE08,RBR03,0.339169249,6.665011274,4.252270962,0.075124086,0.380128979,0.176437726,36.85688242,58.48033232,4.490942099,2.918091455,125.0880734,42.62423261,2558.311836,11.76118729,0.130971873,996802.4344,0.214974864,15.49039392,0.09270034,39.37976205
24GE09,RBR03,37.01150585,25.91467433,24.92121193,0.657868381,3.011156451,3.008625659,10868.47169,577.885828,9.87876425,5.714066639,355.1145294,174.574038,24683.81575,52.89036823,0.273448912,960787.5943,2.324703727,178.7341693,0.554211304,69.83423207
24GE10,RBR03,0.209749413,6.402888458,25.07254702,0.20128898,18.00166487,0.350254253,67.68870499,195.6828795,2.880889866,6.175653383,316.500085,133.0487122,3565.743815,7.904897357,0.116958464,995328.5693,0.342866513,0.962312314,0.421779906,0
24GG01,24G-G,2.11082746,6.700534658,30.88544746,1.126481398,23.36952256,2.920593182,184.3649792,394.7858088,306.3262972,5.933519742,641.5055479,468.8777877,3944.050779,25.732683,1.371644706,991833.1804,1.608403605,24.94860013,0.823491451,102.1053801
24GG02,24G-G,0.769337503,8.081198808,6.675878615,0.132615704,0.204358302,23.19910426,508.2183468,201.0673179,23.5601125,6.977854898,536.5078787,174.8912088,4628.021106,9.767091926,0.310500133,992577.1694,1.412614914,11.80318195,0.481048422,42.32262663
24GG03,24G-G,56.08221863,6.123171881,20.44930583,0.688169234,13.40762432,10.60654319,13985.72567,491.7772804,16.18252317,7.113698236,623.7277634,232.5060354,38593.9251,14.18734994,0.795758659,942685.1134,0.530029397,52.54752672,0.48813141,151.1515362
24GG04,24G-G,7.628692342,6.735217873,28.91019992,0.28221558,0.742836172,12.87614146,7953.077584,359.2460594,36.3237314,6.094980083,311.944852,168.4661974,17505.69905,48.65988873,0.370151437,972802.8442,2.314010651,79.63061065,0.864563043,0
24GG05,24G-G,0.682685777,3.185177567,9.338428368,0.166386098,0.361100633,4.347492104,37.97408764,104.5295219,21.60434244,7.245148001,215.7360983,66.42680351,4073.952179,7.464064542,0.235688963,994290.9326,0.840990438,2.390376779,0.194620831,66.72881359
24GG06,24G-G,0.695470645,9.107542741,4.337263287,1.298943254,0.209861351,4.265445489,100.8243438,165.9198197,15.71161903,6.565335534,929.6283462,91.56292026,3231.72427,11.47257339,0.287845729,989578.9937,0.531830335,2.290538648,0.843506268,241.4299143
24GG07,24G-G,1.267613531,5.655407689,21.20989994,0.636647532,6.07969963,1.360081216,372.8177973,253.2457324,5.67465916,9.14668197,160.2181377,217.2835846,3821.081732,23.88053826,0.932920262,994507.6692,2.663092947,15.19177254,0,0
24GG08,24G-G,0.381852855,8.000107464,9.928669319,0.175968051,0.3697936,10.02460623,155.0148991,257.0107617,22.58846482,6.827758994,762.0852721,199.8092491,4034.261243,9.075612707,0.259647891,992497.52,0.988246615,12.41369367,0.554390031,159.1947809
24GG09,24G-G,0.390548597,24.86869645,8.918497359,0.521219625,0.564866144,4.129875983,275.370015,239.8707663,40.63692643,6.163021124,716.1140724,151.0536864,3621.961938,5.932428607,0.298309968,991091.3817,0.957992451,6.120254171,0.864355441,188.1991087
24GG10,24G-G,0.950921504,6.915930671,3.515603821,0.701953666,0.291063715,21.36272332,55.39984789,181.0576547,32.65659325,7.030514172,562.1780324,158.7658134,3636.985012,12.25136653,0.345854003,992504.6419,0.493633483,2.939132073,0.418185249,38.53513195
24GG11,24G-G,4.180726791,5.562921159,16.88317297,0.728809166,0.460401918,1.607210545,846.641237,255.4495685,19.9583869,10.16593766,225.2420178,132.2491609,10351.55896,33.35440209,1.720619278,986180.0321,4.420476569,32.53904555,0.225524803,135.5211669
24GG12,24G-G,6.082320855,8.204012529,21.01083568,0.177300953,0.930809225,3.975528122,2727.987651,309.2103375,12.10459943,6.278798924,202.6215717,96.18903168,9845.045287,24.8581432,0.53817869,985928.0151,3.360596402,99.13047414,0.351289661,73.26032268
24GG13,24G-G,0.727929149,10.09984049,5.451369227,0.776653145,0.299789888,3.573792348,99.44627448,106.1966085,14.22698695,7.468642701,318.4137532,145.6299608,2819.599978,10.54887207,0.184592027,993518.3939,0.661176019,18.1012736,0.268310544,110.1082442
24GG14,24G-G,0.78317079,10.94567406,5.889009402,0.380577,0.22335549,13.51704426,270.206769,179.5065211,25.25700651,7.177163608,622.1310501,197.0634103,4624.556991,13.75475051,0.431275448,989546.0553,1.025924231,10.56890527,0.549452973,124.907466
24GG15,24G-G,2.503185287,11.40256103,39.27652384,1.893951036,0.892298542,13.26978632,3545.435367,314.7975915,25.66785208,10.46227128,508.7827141,582.4834953,10255.31618,32.56775681,20.96388783,977574.6746,3.20700184,40.51617032,0.983941881,0
24GH01,24G-H,1.295231386,15.19314529,51.26204489,1.367907324,3.246363041,53.47256963,16.99769998,235.2691973,99.54582556,10.20241703,790.6064798,418.5430293,4717.077359,11.54303461,0.879520001,988851.155,1.866835685,9.290923742,1.003483956,0
24GH02,24G-H,15.97488219,17.22359813,0,1.767702957,0.576567133,1.5957316,35.15147174,51.73083602,37.04818597,27.12438536,107.5669561,0,17236.25468,78.66029995,0,978839.6966,22.380133,1665.85874,0.68664601,0
24GH03,24G-H,2.927370775,9.400816652,5.439763262,1.352123117,0.67735858,1.632860717,63.89243186,92.37799038,12.64041896,7.017328864,125.2651725,78.29550184,4592.435495,15.12210997,0.316099265,991779.3436,0.681423713,84.03896696,0.496102185,0
24GH04,24G-H,85.9056506,90.4339112,17.45961588,0.677103633,0.469337511,3.031854457,87.12439441,258.3832693,22.11945289,8.471393952,245.9425776,199.9218697,4416.518336,20.97252595,0.209596375,989285.7315,0.583906692,4459.248975,1.05974141,0
24GH05,24G-H,1.409456339,7.091606476,71.1146331,2.570828574,0.545038359,3.13762016,58.154345,222.4761701,21.71922934,12.68947339,460.8532265,0,9775.460192,25.26757738,3.937716408,987681.8371,9.402802875,5.490089564,1.923252519,0
24GH06,24G-H,0.627607533,8.626834568,30.16497367,1.796548266,1.480861765,1.45317345,11.6332979,118.4380296,12.68158713,7.497375418,164.7338816,93.73784432,3319.394851,4.427391089,1.348235955,994355.6785,0.584972594,24.62173055,0.360462509,0
24GH07,24G-H,1.373270257,5.330215092,17.60960405,0.794864679,1.804137424,2.183842224,7.740941048,65.29359505,44.4393904,9.670242107,72.97832246,0,3406.031439,9.243562419,1.812803099,994357.9615,1.282595624,5.579151116,0.209874038,0
24GH08,24G-H,1.073004955,39.13863474,28.85705731,20.26092629,2.031931412,1.496360967,52.07860825,192.9046584,216.6681105,7.87238297,904.7430709,384.1600709,5189.516651,23.97217023,3.132585162,965266.9315,2.427082143,11.96599721,0.97968854,349.6427114
24GH09,24G-H,16.52803657,13.22236266,5.964249397,2.791988358,1.325818822,9.588210821,15.53270357,122.5590482,31.27782533,5.948349378,236.469731,100.9662243,3434.364932,8.809663428,1.529513706,989582.5788,0.339353889,893.8089735,0.315377795,0
24GH10,24G-H,0.942843978,6.114609883,39.84538014,0.132610862,1.936891992,0.097529693,39.58302261,85.9257939,14.47164303,6.208806012,86.72533808,108.9691038,3820.88282,3.416937448,0.414731239,995448.4796,0.313294632,1.402345565,0.263092682,0
24GH11,24G-H,3.515176661,4.931080812,16.55806957,1.395790861,1.662789159,3.792162497,76.879826,218.1030608,46.94667465,7.411210721,699.2399703,424.7920941,6480.944211,16.59814728,2.034513058,991213.1306,2.94244831,65.1832669,1.168244677,0
24GH12,24G-H,1.216727934,6.874066158,9.310454758,0.647183585,0.71731798,10.51019267,27.50527318,119.9833277,70.27310828,7.106340276,411.8510162,100.7463139,3408.288355,5.305459088,0,995193.4177,1.087064926,11.89902532,0.23900414,0
24GH13,24G-H,7.649940049,23.19911452,4.699231483,2.069298219,0.539094627,2.837964136,17482.44002,281.0939864,215.3079552,7.405967323,25223.98879,478.5146846,5796.463588,9.619453889,0.189375209,942237.4131,0.330575984,39.66575834,2.906319384,0
24GH14,24G-H,2.570466055,21.27267193,163.9624885,10.05318469,1.848185205,2.526659828,67.76435483,113.5178249,331.309953,22.699236,1572.27627,1294.119839,13111.23107,105.2625377,8.140878766,956139.5673,17.66082174,33.05848357,2.597000967,0
24GH15,24G-H,12.24121552,7.747216712,14.42256483,0.439092462,3.464791824,1.195480071,243.611988,113.1090415,6.398217239,6.223404686,188.7536226,142.2377342,4607.176467,10.27355286,0.358492348,993005.7837,1.877367598,594.1332366,0.642073558,0
24GI01,24G-I,9.062718036,38.41633723,10.77259158,2.374105916,0.552775546,17.60836192,27762.34631,502.1802447,790.7831905,6.941026199,32336.33136,1418.974931,6318.660202,9.639499295,0.207222426,913119.4172,0.224774157,94.44139304,9.997531003,42.47576311
24GI03,24G-I,1.616120262,11.53012397,39.8682655,0.405899461,2.467694783,19.27093524,26.50750606,175.3372104,60.19866643,5.904518216,538.4460268,306.3772278,3501.98649,9.271865536,1.14659199,990607.4436,1.119337457,16.31094898,1.032353159,0
24GI04,24G-I,7.655287774,52.96571549,7.841812133,2.34454279,0.597016568,15.9658385,30981.6959,375.3443708,668.3247867,8.313253155,30412.46816,1133.139917,5368.688412,8.449373976,0.103126909,913803.4741,0.279654385,89.66708484,8.345233826,91.93273682
24GI05,24G-I,1.375162332,7.681878271,17.31925597,0.754557597,0.755200928,2.763668352,14.73369672,106.861793,30.01951791,5.071650198,184.8314845,121.1337176,3752.12777,8.913294778,0.631118751,994632.5962,2.319983728,13.34429838,0.630876789,0
24GI06,24G-I,89.56160281,7.345885779,10.82283492,1.096786881,1.673563392,44.06210515,40.71579329,139.0218889,173.3275207,6.145425981,684.4473826,408.6454696,4620.034354,6.326822229,1.406249004,986054.2878,0.6422561,4573.170529,1.356578215,0
24GI07,24G-I,3245.955908,9.811033549,18.79157837,0.248665944,2.733903203,9.506840228,597.784632,121.678609,27.64213254,6.166374661,224.0191225,184.6625823,14141.62333,35.4690355,1.232397674,920822.8261,3.437438677,59825.70737,0.695022496,199.324856
24GI08,24G-I,11.46607092,52.05408608,28.83703217,3.638054592,0.675596996,25.72935222,33511.19903,586.847076,937.9653616,8.167591583,42378.45998,2089.793734,17497.54107,11.80084115,0.235033273,881986.8678,0.351666283,30.25867956,14.04954165,71.80452456
24GI09,24G-I,10.96207352,41.69300883,10.66658927,2.019917775,0.628734759,18.9780797,32769.8111,474.3674628,931.8136604,7.017151612,37788.01627,1564.827983,12614.53116,14.59873383,0.131936524,896987.0195,0.387997457,67.44621564,11.27719001,61.76691956
24GI10,24G-I,5.136576289,6.608375718,19.19649754,0.56013165,1.022569673,5.789171405,38.20571185,142.2310564,31.13000013,5.65368122,182.6511462,209.0182527,3990.391343,15.84135507,0.681837898,993318.5122,1.020193425,1422.549649,0.598137723,0
24GI11,24G-I,7.526521181,20.19218066,10.69615948,0.934631777,0.751558133,34.04735661,76.54688407,143.4889795,89.32661046,6.849462712,530.1811891,243.4543622,10632.02104,13.16883082,0.474624465,986234.7176,0.672960696,40.8635069,1.360149189,0
24GI12,24G-I,2.809853178,9.852866757,67.04270047,1.622952679,0.489677373,2.569733117,24.57653521,104.9646157,94.40442921,8.51914746,275.3455955,0,6253.850348,49.68251719,3.526322433,990370.1045,7.034968227,15.61199998,0.42964482,0
24GI13,24G-I,5.3822759,54.28834,11.53310458,3.382721511,0.534074769,27.68079366,40564.4831,455.2818585,1191.540623,8.57327326,53534.39421,2282.110828,5126.317104,11.99712057,0.319173627,878640.1349,0.358170362,90.65815324,17.03329171,121.2293496
24GI14,24G-I,8.750563341,11.81941519,69.56978534,2.750092284,58.32081738,3.117273998,112.7005199,311.9954247,275.9590805,18.21784424,860.2497337,510.3724933,21507.83462,68.6108212,2.374819036,966400.0894,0,140.7749078,1.844583293,0
24GI15,24G-I,1.281361747,6.46142784,38.41196936,2.47816172,0.965793494,2.121613695,23.59092201,171.5361431,63.20544965,10.90959144,276.64011,430.788928,7111.593286,49.21992293,1.854662929,990550.2506,2.775021647,24.39547091,1.016869135,0
24GJ01,24G-J,63.24121973,6.862798538,9.842480486,1.364330892,1.127281006,5.617058166,166981.5269,334.4763201,11.18229177,4.317142035,227.4183193,92.66078947,226638.0524,13.6095253,0.287666203,604603.2325,1.24074949,7.480032461,0.428595246,0
24GJ02,24G-J,103.5343599,8.849415114,13.08911024,0.938624908,2.289423125,5.868522219,258324.0728,490.9624078,15.32558006,2.71413219,171.8240137,68.15301496,373205.0195,10.87842984,0.28143479,366840.1064,1.10903799,11.41591168,0.24616103,65.26216359
24GJ03,24G-J,151.4654443,8.145047878,16.53462459,1.61240347,1.862467031,9.519733951,313420.8808,650.8793814,18.41756324,2.009612897,266.5845512,96.98702856,422377.2663,11.89584614,0.514307572,262428.4835,0.935840794,6.182758633,0.319941915,0
24GJ04,24G-J,70.41556277,8.576797299,5.484853863,1.327386532,3.127806733,9.935304739,247497.9768,349.9835654,19.63418984,2.900813878,176.4903052,128.295833,319000.8599,6.737090104,0.60904701,431719.778,1.146290339,3.691679442,0.386802569,57.08831573
24GJ05,24G-J,82.41223784,9.027028191,6.413910069,1.398856642,3.331377026,2.428368498,275100.9848,355.1677857,18.12424421,2.647840575,302.0726663,51.07151193,388992.8666,13.2145612,0.580004172,334275.6294,1.26901833,5.470755569,0.307491422,62.59896675
24GJ06,24G-J,128.6664682,10.15015248,11.19118395,2.290205809,3.337980173,4.691656204,331438.8309,544.8527014,12.83884441,1.535705456,365.5457798,60.49730757,441276.5712,17.35649058,0.250923045,224448.2285,1.354952195,46.59520927,0.134600805,71.51680979
24GJ07,24G-J,197.0012308,7.245126343,6.74620881,1.315174889,2.622573535,2.39073381,332021.3876,432.1706395,3.995078475,0.826427094,136.5571719,50.91753765,538169.044,7.194283937,0.268754278,128480.989,1.028920462,3.435926262,0.30569504,52.90911229
24GJ08,24G-J,105.2226496,8.448665285,4.996632642,1.346573997,1.030683833,7.06452543,285489.8621,413.8895476,17.73640827,2.350782591,237.5690232,97.26797476,401320.883,17.84668521,0.248588932,311298.1105,1.334161792,4.760964153,0.346116122,49.73478424
24GJ09,24G-J,136.9943562,9.620255213,6.009082759,1.693610882,1.460017559,6.483353668,332894.6171,488.9757916,23.02260872,1.704223137,267.2013609,115.9141862,433689.8409,6.604354808,0.68065484,231571.8602,0.923667601,6.111144039,0.383148359,49.71417132
24GJ10,24G-J,111.9296945,8.509746783,8.057323341,1.192100998,2.05215713,11.78703913,309589.4205,381.3687142,15.89480753,2.712152321,304.036825,163.833817,398605.9728,7.163095171,0.642061655,289829.0011,1.298115329,6.876094833,0.627489258,72.69707312
24GJ11,24G-J,106.6599336,8.306067299,19.73156909,1.374396816,3.58843926,4.923593867,309227.7346,567.2848765,15.20138326,1.990921394,325.0614734,155.8519989,398576.1333,11.43743116,0.569569457,290296.1781,1.472851578,10.55915582,0.491734181,72.2464546
24GK01,RBR02,1.996249685,7.921810948,55.04174462,0.527092899,9.692985114,22.12367523,12689.71363,397.0375275,47.25972752,7.274679625,559.9374772,223.9155411,3375.744794,27.37764999,0.435176651,981524.1723,0.639881321,4.622413722,0.368204733,146.9957174
24GK02,RBR02,0.466378182,8.135672231,107.5271944,0.152196798,3.596562608,0.872610539,35.26664031,140.4501208,48.57592566,7.482858388,229.3798906,262.8105635,3190.532048,11.55349916,1.856397131,994368.9841,1.381951642,2.059506974,4.365850529,0
24GK03,RBR02,2.154112442,7.818086215,17.06766456,0.192594019,4.936504761,44.49966674,33.27967575,196.7412631,11.86333837,6.137221992,601.3337015,224.6201258,3792.719711,21.45125114,0.805418071,994372.1838,0.799432986,6.006570971,1.838257018,151.1984561
24GK04,RBR02,6.317266445,10.0734062,33.83877643,0.577165328,19.09040802,8.2816318,2372.952913,364.4403704,20.96566052,4.437809217,545.3559743,379.7829439,12078.28758,45.88127739,1.810256313,983204.3745,3.369007961,4.895274767,1.251176672,0
24GK05,RBR02,1.578748732,9.32164696,8.234418337,0.588672972,0.48613179,7.93090806,105.6117326,216.2638937,69.40499281,5.824508087,265.7230145,181.7474452,3432.042101,13.7467448,1.038733944,992415.8392,1.014905471,81.60489531,0.224353533,0
24GK06,RBR02,13.66243973,37.40998611,422.0273047,15.65257613,1.298608459,1.509183298,832.5977981,7649.500167,70.76234607,45.08439845,3327.226651,0,25648.76521,244.9557121,13.00903402,938489.0215,30.65559807,13.72301802,2.268057409,16774.96592
24GK07,RBR02,18.62375073,6.770536444,39.055997,0.420834462,21.50094078,9.532423207,2670.198365,1181.807075,32.35682987,4.085568896,831.0567377,260.8762376,5658.352311,55.26154179,0.70600945,987084.2586,2.742116373,22.22058929,5.459555577,0
24GK08,RBR02,12.53596507,7.018516053,32.63450522,0.610428114,20.13941107,1.786096769,714.1877091,312.4091067,37.8825092,8.721201499,230.493263,153.2732792,11366.401,19.15644703,0.547023923,985383.9019,0.814438458,311.4529133,0.511669661,0
24GK09,RBR02,0.887152174,6.076804673,33.34018183,0.292084741,2.22146052,17.20404214,832.7046312,157.8937109,60.87797074,5.02576561,412.8264315,253.8917857,4773.656318,8.246306689,0.636734294,991941.2514,1.312898155,3.448660243,1.203917677,0
24GK10,RBR02,18.81184595,6.634962024,31.49826297,0.333896429,24.68762746,6.037484968,347.9593914,309.0567346,6.792672668,7.111492775,412.0093196,300.6696295,9224.042267,10.29305808,0.624386518,988380.9466,1.08989458,159.8165771,0.334800492,0
24GL01,RBR02,4.196881212,14.38164022,56.15769574,6.099205969,0.88529799,3.281498908,79.41573978,170.6881386,164.160515,8.678902211,1008.227793,526.5719355,5169.402661,21.04086324,3.734157966,973072.3748,2.933162846,8.534721856,1.777314675,631.0960779
24GL02,RBR02,7.115465386,26.55295949,339.4432682,4.752579943,3.823471629,3.20241816,26.96735394,75.96376342,105.4743612,14.6137163,81.27192059,0,24149.99256,76.89718186,14.36335722,970735.5543,22.5646939,3.156598229,2.504176614,0
24GL03,RBR02,2.157916204,11.9162076,45.50498146,4.998800952,2.563742921,8.008406634,212.2867586,596.8232473,774.1060313,7.145030402,4673.369928,922.2283578,3930.660388,12.0204449,4.532247617,979123.1327,2.373372246,10.69083417,4.172117641,0
24GL04,RBR02,0.769975723,5.668088174,6.729862269,0.539458915,0.278481465,12.14424233,42.14839688,116.5330399,41.04974799,6.155698199,272.0407613,189.5365561,4025.581364,8.756143275,0.398533723,994660.4518,1.460882702,1.121084616,0.837956315,0
24GL05,RBR02,0.199290385,6.941171018,12.44572047,0.997798354,0.270538167,6.001981882,28.75429383,149.4114962,15.47896215,3.856054267,218.0390204,104.0513456,3446.251047,6.530738674,1.058657309,993588.3378,0.931358563,1.405256768,0.432635349,0
24GL06,RBR02,1.533685509,7.854477989,18.10880462,1.269466481,13.86535236,6.997747446,2126.688402,282.6946153,425.576884,7.005011113,385.7546656,443.4925684,4649.618346,45.72186172,1.825103684,987077.5869,2.83314693,3.715938131,0.230627242,157.0435423
24GL07,RBR02,0.456392949,5.621821996,10.122636,0.139631566,0.479627332,0.253071109,16.20266249,103.0318036,6.994348334,5.638413741,95.63727639,148.7732158,3268.395904,24.54760815,0,996112.4728,0.724526751,0.259336994,0.425958001,0
24GL08,RBR02,2.860218197,11.33256897,14.46597934,0.782034519,0.336410277,7.783389396,49.48134836,242.3769665,214.0486836,5.962318028,720.5398357,317.5689619,3882.600005,14.39968112,11.68581604,985746.3818,48.11138621,3.634408753,2.041412349,0
24GL09,RBR02,1.244451799,12.95977419,17.04832201,3.282107305,3.121796168,19.8699731,93.08578867,351.9774769,108.8515357,5.982172424,2102.177607,306.667043,4207.153905,14.81710172,11.48435093,971661.3323,43.68963703,4.319488712,0.992176031,0
24GL10,RBR02,12.73842633,5.461351274,20.1703335,1.540845982,14.93443847,5.478320354,727.7475306,311.3134248,8.040609106,5.116092912,161.2934776,115.1045316,9800.885972,19.03311318,0.406544323,988154.1364,2.075700772,202.7028265,0.524503771,0
24GM01,RBR02,2.13820466,17.73153691,58.110829,1.731097159,2.355362164,0.938858486,12.74124326,75.27073397,62.92075002,18.75509451,289.0214659,581.7846411,6295.880144,39.49158204,2.877469068,988679.4742,9.040951603,2.908920434,0.953176351,0
24GM02,RBR02,0.245423717,8.048779322,36.60778778,0.55863368,2.292567702,0.190944417,15.54685075,199.1413632,3.380159163,5.309163023,274.2453618,86.65368557,3240.880867,9.905131074,5.161417932,993921.2461,24.01469484,1.90182401,0.326223246,0
24GM03,RBR02,3.201637441,6.149320722,32.7735923,3.699170985,1.844348321,0.646480892,157.8121012,518.133921,21.47134348,6.132642101,196.871396,222.325285,4427.686717,31.42231745,10.14006212,993331.5165,46.92588625,2.588309929,0.875295628,0
24GM04,RBR02,0.289245619,12.49224129,5.272999583,5.5903636,0.498747882,13.97992958,29.42644359,213.0166029,36.14580859,6.02785216,820.3851918,183.3888069,3726.957733,5.820547859,3.291618587,986180.436,13.38420273,2.367409147,0.999890112,109.4892276
24GM05,RBR02,0.821596944,13.37747696,7.024975783,10.58798259,1.262624095,9.641719655,69.08460884,190.3383113,4.065429727,5.388539875,952.0725343,123.5953028,3259.052437,12.57229632,3.459864448,936344.3597,15.96208266,45.22891109,0.517500588,0
24GM06,RBR02,0.354616694,7.770436872,13.93660984,0.045423593,1.065744795,3.599116815,48.68003918,110.4958572,32.12834379,8.207252939,475.4168312,167.8709228,4645.193022,11.80661697,6.794899169,993053.6202,31.17714853,2.999556786,0.477184563,0
24GM07,RBR02,0.544346509,7.835439472,94.51124528,0.884179185,6.062334195,0.497376611,67.4076794,205.2899849,11.78840463,7.809507654,172.1016451,236.3720928,4043.962788,60.44956668,0.242917016,992806.0435,1.256950686,3.509319333,0.528652379,0
24GM08,RBR02,1.97149223,13.40995408,85.86359544,1.760604404,10.36729139,0.308544429,430.3373413,574.3748521,28.77088896,9.949834663,230.0471749,1039.128083,10182.1644,432.1002979,2.324962775,977306.3499,3.4286343,6.834738709,0.976856381,0
24GM09,RBR02,0.588239337,6.401495049,78.10878597,0.22496179,5.634590099,5.889631197,56.15757668,228.7643952,19.68875598,6.88755551,295.1710805,247.072867,3294.358005,41.71117292,0.546884131,994255.1645,0.565959845,4.54241298,0.959811369,0
24GM10,RBR02,5.63317578,10.00583085,61.49834273,0.624481761,4.366234901,1.30362233,225.2701536,424.5817059,21.45160024,13.97555375,198.1599835,1478.970481,7826.390871,423.541266,1.882767421,983977.6822,5.082886199,533.919385,1.413691038,0
24GN01,RBR02,1.669389439,38.10673168,6.701116463,5.184679284,3.512052117,29.64913669,534.8290673,277.0208237,474.4142063,12.2595789,1905.518855,723.4259932,6812.335515,333.3937598,3.934413394,935260.7478,2.075130231,22.27476805,1.115982228,614.0290029
24GN02,RBR02,2.565765854,16.26700903,59.943281,3.390951987,16.76790697,1.494253608,189.7949969,269.4804122,439.6270388,11.01512145,408.6105175,0,10479.92356,289.342733,3.958030719,985236.5449,7.045605223,3.266012997,1.202872712,0
24GN03,RBR02,1.849659194,7.46356983,14.8165693,2.782131656,1.888876564,0.76768924,102.2692389,189.7117966,7.98533288,5.880175661,369.7235214,85.03102067,4422.744293,23.57353493,0.915447279,977037.1629,0.310393901,20.96031522,0.216209469,20.29428896
24GN04,RBR02,0.570507318,40.91794932,9.101370781,0.668871352,0.938979529,1.031977262,447.0175868,272.6904135,12.44280224,6.651440618,205.6408593,112.5945825,4028.68857,43.06476897,0.259306047,993738.6607,1.241122586,3.326193912,0.68446469,0
24GN05,RBR02,0.626716862,10.88018948,7.448815671,0.327735803,0.352673709,18.00117669,53.20482949,189.506301,135.9038934,6.72070726,570.6393565,245.1838035,3986.176641,26.35142514,0.765088024,991327.5995,0.807061754,13.71486152,1.133642255,0
24GN06,RBR02,0.600646433,9.154954043,4.577502821,1.005649124,0.585483666,26.15624852,43.89278113,183.642582,26.25557484,6.262803636,587.9384794,221.9088742,3152.046264,19.19559284,0.427311905,989383.0719,0.442216853,3.418999895,0.701958454,0
24GN07,RBR02,1.598715464,3.192983913,23.25259148,1.103279306,0.866219049,1.598939029,86.21141232,225.2551757,39.03474885,10.70951183,421.0536431,317.0406041,4770.446591,145.9690776,2.950290085,991964.6673,0,1.461311738,1.023985345,165.2227642
24GN08,RBR02,1.288726154,14.77548493,52.6032432,0.596292787,3.450531366,11.73766804,209.6942779,252.6915852,99.49021512,7.843976212,735.2299277,297.9924196,4205.066301,114.3144792,2.310166931,987410.5056,3.231678661,8.264607697,0.863318921,0
24GN09,RBR02,1.927711607,24.88369776,24.59368648,1.919554693,1.501822271,6.378096219,927.9632444,140.0304415,12.10530357,5.4506788,254.3113059,185.4257284,5056.178756,42.45932522,1.831163054,990328.8262,1.185314148,7.890419851,0.40675312,0
24GN10,RBR02,9.927769246,7.933653413,33.81077645,0.153177224,16.21057626,1.336735719,736.1520953,245.2772972,10.50332065,6.204550301,279.4810108,150.3540421,15402.85189,43.5327442,0.464471363,981021.8756,0.440957583,112.5990433,0.587209112,43.14909527
24GO01,RBR01,0.846018679,7.214496856,66.31528964,0.161654473,8.915055799,0.458663853,59.70937608,301.4166715,46.17878342,7.562121358,131.9574549,171.3540629,4441.972526,46.75450014,0.522037958,994249.7759,1.37669411,1.675198848,0.401915664,89.0063823
24GO02,RBR01,0.494255994,10.6881362,18.52441122,0.491643212,1.881031989,1.877794436,117.6607639,132.5215597,24.13747933,5.531307812,267.410577,119.6485604,3471.825688,16.7082915,1.629552867,993890.2961,0.69594295,3.874458559,0.641636548,0
24GO03,RBR01,1.484312664,3.862920501,57.51102346,0.175428279,1.874325824,0.247076366,50.30869777,128.3753062,4.489358807,4.738516829,172.2615139,136.6016728,3392.948284,46.51242789,0.732339556,995804.1892,1.00710221,0.785533676,0.579328467,0
24GO04,RBR01,0.569062589,6.110804271,12.42280563,0.131381475,0.465740193,2.75400361,80.27911172,279.5311717,238.7821555,4.991729201,577.2576361,289.9762273,4545.788109,87.5345751,1.196070377,992354.086,2.784876658,1.760053363,0.828219149,0
24GO05,RBR01,0.893722278,9.754522444,98.34840888,0.382557372,8.593290848,6.993750358,101.0371484,291.7967295,97.4362229,7.826168002,345.2626413,307.1298906,4918.42028,121.0466364,1.33792625,991452.2162,1.892464266,8.269734824,0.991269901,0
24GO06,RBR01,0.4769996,7.558384587,14.82848769,0.254138238,1.199325564,0.642997495,197.9164681,109.2651257,18.1198524,5.876330577,245.0671324,105.2166399,4042.298631,101.2312745,0.288094833,994873.8801,0.99611884,2.510006105,0.43356937,0
24GO07,RBR01,0.572839482,5.721361831,112.4061885,0.107738529,3.462958691,11.6596709,32.14322889,288.6164712,52.28042948,5.723015636,498.4716922,298.5934465,3393.593874,23.93154634,0.929019095,993732.6971,0.608368056,2.567510706,1.11402335,58.985685
24GO08,RBR01,1.028404167,6.133262434,106.6062372,0.128921959,3.108668414,1.501773385,88.63156504,175.237611,28.42362712,8.84083854,306.437353,215.3970388,3080.118526,132.6151728,0.753473224,995182.1422,1.480235583,7.79338035,0.828650124,0
24GO09,RBR01,0.404554414,6.079494028,11.77590778,0.35418879,2.34205836,0.172185471,58.60266527,116.2326782,4.8684097,5.084905498,287.3961303,91.33411878,3807.977538,73.11661307,0.796163731,995099.2026,1.564103206,6.532180966,0.357920712,0
24GO10,RBR01,1.33238005,7.982837896,14.69289585,0.681638572,1.053290235,13.38959671,148.2121093,694.4243216,459.3366643,6.67323497,8532.696273,739.4275837,3504.684529,22.95463165,0.700107659,969789.3733,0.448045758,8.011175094,3.527448657,45.18636542
24GO11,RBR01,0.381864218,5.978958927,16.85039589,0.088274425,1.115342374,4.750259204,51.61735273,129.3819253,15.83119529,5.572570212,246.5095976,102.0918278,3766.84559,37.98954576,0.05527631,993871.164,0.579162977,1.403632038,0.440826809,32.07929452
24GP01,RBR01,3.742695382,26.59100053,42.71040908,1.774523347,4.330306968,34.06093886,771.121096,253.8213565,375.5779554,5.68164874,1424.44497,373.1780022,5342.594659,21.1165868,27.5126796,966652.6301,0.52301395,257.9426882,1.672501003,47.78901748
24GP02,RBR01,2.104444487,116.4270636,216.0735888,0.430967586,7.931612864,1.47315691,215.291538,345.2257998,7.837864515,4.568944332,153.7121241,266.6946485,3916.730637,27.76449389,0.460747449,993516.0789,1.448258009,66.53334003,0.817860601,0
24GP03,RBR01,0.867683398,6.028524815,10.50946292,0.176510235,1.520055218,7.397768626,75.62771337,96.25548514,6.86026511,5.697797929,488.9480574,73.91046902,3136.326167,16.97632256,0.828963303,995769.2645,1.013313526,3.695825835,0.474496024,50.933832
24GP04,RBR01,1.034101873,19.75487763,9.511637124,9.821462263,4.43479643,12.19977079,83.66455547,287.5726391,62.21417905,5.331005093,920.0351855,350.9383145,4158.553009,40.11463078,1.894084665,974594.6039,5.546386315,20.51801275,1.033045237,124.7306777
24GP05,RBR01,0.721116364,8.645691839,155.5493072,1.103730419,7.905452307,0.5976859,29.09369942,376.1113611,27.20604226,5.440335136,359.8080086,363.6161046,3860.797309,23.48109298,1.254964514,990940.861,2.806265612,26.12425097,0.782857118,0
24GP06,RBR01,0.483171739,6.144048358,9.607397885,0.226983557,1.661804564,3.524772725,63.87269335,225.5294889,12.37021495,5.144835979,284.6684077,106.712638,3556.457727,12.50796204,0.247201936,994755.9432,0.521486814,2.189193235,0.220469259,0
24GP07,RBR01,1.38001628,5.632003676,59.78070759,0.316317865,9.034843981,0.241525455,35.78700213,304.3616114,3.708919906,5.435419057,189.6772424,101.137523,3473.720091,17.54144547,0.308280011,995048.2493,0.861693282,3.889615238,0.243799786,0
24GP08,RBR01,0.245031115,5.956015841,5.147060995,0.142567448,0.2813373,0.327363709,13.77001658,67.18388816,6.312707529,5.024001781,125.9637414,62.84835836,3614.342602,11.25343372,0.235309592,995608.048,0.350788785,1.798637502,0.213898792,0
24GP09,RBR01,0.290417419,6.650937239,7.622085304,0.083103226,1.060905761,7.018621644,16.76149635,205.6149154,26.63336858,5.353737502,419.0868059,217.8516592,3716.472799,7.176344267,0.325827939,993287.6354,0.3238196,1.826208755,0.848735936,20.5136248
24GP10,RBR01,0.283345538,5.409375088,23.06619294,0.334444249,1.01427497,0.535078998,18.35726672,133.971615,7.998439366,4.549595182,173.04045,111.8582718,3229.931475,8.991232966,0.193905428,993934.325,0.321183722,1.108363252,0.258517584,29.87998591
24GP11,RBR01,0.524852728,5.29512751,18.44578023,0.717710285,0.671988253,1.45196238,11.44992212,79.96537655,5.865366255,6.175904792,67.46066952,102.3000226,2896.711464,16.20394747,0.648517803,996358.658,1.289040934,0.850212656,0.362548172,0
24GP12,RBR01,0.562534542,26.39010463,10.41756482,2.853619426,1.670388078,4.446495545,91.54836276,129.2656212,108.8238992,6.929030819,525.923185,163.4727101,3697.515121,43.59450477,1.042617231,970424.9539,1.450667042,6.578522673,0.447337801,96.78522024
24GP13,RBR01,1.415790313,9.093346821,15.68092765,1.592051443,14.40727094,1.63558588,17.20757564,226.6850638,17.07047209,5.245705438,470.4241197,191.1819829,3399.097067,9.274681066,1.115236672,991945.635,0,4.589594106,0.363899024,0
24GT01,24G-T,4.924423198,6.416250338,31.05022673,0.691792125,6.017201353,3.483025263,129.1859487,231.0190661,13.91177711,5.78345282,428.9475684,186.120997,9588.4483,36.95362322,0.589195749,988595.9628,0.829132739,22.20015559,0.315629512,0
24GT02,24G-T,1.658656153,9.377385516,21.27661278,0.346910274,1.305937451,7.520012253,52.61445064,126.4995997,42.15867216,5.388432041,418.2305117,155.7263829,3652.880017,17.20727857,0.443749747,987593.2812,1.323043684,9.82114133,0.310507568,65.09876113
24GT03,24G-T,2.161917337,6.331675697,30.37960918,0.38968052,4.660975561,5.989372916,175.2069026,296.1948027,9.31681746,4.9260882,331.8487745,153.45713,4865.012071,8.194171499,0.933437444,993763.0541,0.973006876,50.03214334,0.167621105,0
24GT04,24G-T,1.890007844,27.80946651,14.72878592,23.80066131,1.329696324,4.663738072,400.7395967,507.7584464,30.37489889,6.269980854,1574.772983,155.6373869,4076.85354,26.02964068,1.915861155,946102.1445,3.22398016,6.902443659,0.383526981,162.0789705
24GT05,24G-T,189.9779189,6.770581855,13.20282481,0.191364672,5.54641965,2.278078226,71.85954603,160.1514107,51.16669726,6.321261733,332.4166483,102.8605835,4613.927548,30.99568611,0.449405223,993256.9883,3.162078005,404.1449696,0.346835089,0
24GT06,24G-T,4.790745338,7.316631744,75.03283433,0.690979138,2.272753889,12.04541333,463.084128,402.1188615,14.03965366,5.03986819,663.4806027,156.7816927,4083.441929,43.11878653,0.387173245,991054.1761,2.724205101,19.16083473,0.439421536,0
24GT07,24G-T,1.063402501,7.73015554,13.73781473,0.232256335,7.561359171,3.949144088,43.99193283,192.322876,48.84747336,6.141464678,333.9449211,177.2183738,3563.964719,11.59254394,0.72252581,995138.0083,0.677839021,9.350986794,0.221954595,0
24GT08,24G-T,6.525998202,7.068044036,8.749403598,1.106933318,2.260518919,6.128855697,413.8755804,205.83719,21.63243857,5.205119406,737.4605751,182.1256442,4537.27929,19.66101001,0.727445479,990884.5059,0.568712015,89.22325578,0.440326859,0
24GT09,24G-T,2.390860688,11.84911518,13.81568317,10.84509612,5.986203096,4.034854173,95.2095443,318.5853089,18.86977827,5.519338746,870.7533258,264.1406782,3306.318253,13.59584332,1.821597134,972225.1333,0.284822494,13.84635324,0.488140407,70.32713641
24GT10,24G-T,2.019788396,7.583638003,4.716209128,1.84005421,1.208791636,6.478745508,715.4920468,347.5554654,21.40285854,5.761437556,2995.018005,140.9295709,3050.824772,46.8868319,0.363217997,986474.6964,2.66923719,65.67951396,0.571630556,64.81730047
23G-I01,23G-I,6.039395944,6.600840674,12.2857814,48.46239172,1.119531541,3.407864481,527.7289457,272.0723491,142.6118026,5.858999998,663.5586364,313.0587178,3578.372122,58.62923499,15.67791949,894345.3409,0.49610342,5.54575669,0.743146879,0
23G-I02,23G-I,6.682945014,0.998850956,15.74114036,14.02308787,0.662587279,2.390000239,163.9973542,281.4572671,183.6959316,12.31826006,567.4422165,395.6891122,4539.569478,67.40670305,1.543741019,975866.1324,1.356837815,2.675374213,0.82601567,0
23G-I03,23G-I,5.547776388,2.736358599,7.664060161,20.98613282,0.8207776,4.329443615,293.131063,270.2180289,136.6207454,6.758055811,585.2030572,369.6991283,4178.110904,39.04593972,6.825674792,945465.4293,0.745799738,8.158593157,0.936585333,45.09970838
23G-I04,23G-I,5.154767175,0.962652469,6.407288517,13.05786411,1.828369652,1.036861197,148.6397571,240.5221008,73.70911628,7.136911815,282.9866312,262.2062551,4553.436397,28.74691597,1.990914945,980072.0042,1.269085634,3.33312615,0.862158605,0
23G-I05,23G-I,6.652578667,107.4424321,7.753973213,11.82657984,2.375511192,0.835982038,484.152894,230.7669825,73.07920007,4.429852541,439.6426857,235.0657541,3114.208922,68.00901863,12.31266424,874044.7339,0.492978624,4.55719518,0.317819354,31.7243082
23G-I07,23G-I,6.159132116,30.80193516,23.811231,4.527929155,1.037744146,2.429786493,330.2369064,305.5527107,156.3176797,7.420279962,563.7553812,361.635465,5167.15958,60.61893391,8.221844539,933352.2616,3.106611145,4.314726706,0.967764729,89.05741921
23G-I08,23G-I,7.047434636,38.54073,11.99953726,4.981324178,0.483570503,10.54928687,402.6706144,356.3338695,225.4505658,6.877404737,1707.313033,602.5062219,3976.393911,47.93601348,9.502377879,933849.8813,0.633336419,10.28854905,1.819181306,46.74595602
23G-I09,23G-I,111.4419145,55.76405969,32.43112412,6.297055427,1.423986088,5.142834059,3864.586722,1768.329495,282.4000308,7.62432817,10292.45888,821.7862782,33957.29613,196.2676669,3.251860252,922261.5187,2.984010797,19.36049691,1.706039008,636.2210257
23G-I15,23G-I,12.74650309,6.425099988,10.43615332,0.057709898,0.156257445,5.870489996,470.2502656,650.1083759,126.7395419,5.683668558,4670.195802,449.4945564,5160.592503,10.37330928,0.166227255,987834.6253,0.142366408,34.17738426,1.479192032,35.34199265
23G-I16,23G-I,4.640862533,5.319512945,16.48426482,0.559394887,0.569086892,4.257012088,79.22798247,316.6864095,92.33855227,6.660139389,668.4268144,325.7464112,4502.250984,28.73732216,0,993413.2182,2.345981792,93.67611755,0.698573288,0
23G-I17,23G-I,1.57166045,5.970245788,12.81908203,0.672217019,0.443950904,2.634220899,41.83709556,151.2054837,39.89752682,7.110709917,268.7266133,158.2030523,4099.182044,35.96332086,0,994370.6742,1.127653416,4.664982898,0.387445735,0
23G-I18,23G-I,1.515616662,8.079520972,17.77820886,0.915376912,0.925819588,2.399966672,59.32639274,238.0047666,144.6189491,6.835194841,411.349557,282.8936498,4550.34002,32.38500744,0.96393523,993822.1665,0,3.038543213,0.718589271,0
23G-I19,23G-I,15.06264256,8.389347675,10.68676795,0.539630961,0.241403207,8.712931913,132.1019433,198.9387814,67.08061566,7.016438373,372.6971555,181.2817505,16538.53906,36.86547268,0.62173996,981611.8083,1.597479629,18.8643691,0.475688516,0
23G-V01,23G-V,2.100303309,1.944378379,58.13829571,15.30707942,1.271583893,0.901510329,111.4706023,213.7719401,43.39720878,7.625065085,272.2887824,257.8973625,3636.018133,46.59104229,0.942627139,980821.9828,0.895697544,1.900342175,1.283604206,199.4706452
23G-V02,23G-V,2.768893339,1.904821435,78.24218869,13.38075008,1.186808099,6.842653613,112.983011,414.4634434,324.2840953,13.51647319,839.0203223,543.0535012,5600.656943,74.80648421,3.825721782,989039.4352,2.423503038,4.583447881,1.656386393,272.1632122
23G-V04,23G-V,7.212352554,12.29364681,78.02369164,6.28105103,0.665968411,32.64403042,824.1280433,680.6872077,780.5357469,9.737744681,23797.7051,9242.261432,6348.646798,124.0064106,4.815735392,952937.6089,5.687876115,21.00478799,42.18827942,231.2616075
23G-V05,23G-V,1.865244532,0.136419129,36.7848118,9.114438411,1.07779035,4.819471773,75.95908766,488.3929214,95.21472464,6.832970139,932.7329965,439.3603084,3819.500987,13.33050914,0.288219099,993603.2246,0.228224862,5.786558947,0.896836041,24.27276865
23G-V06,23G-V,1.925054453,0.736934296,37.32608817,6.965738065,1.741661544,10.11764125,81.33633033,535.8390801,77.65115242,7.627253811,1213.623973,530.870265,3940.701673,28.94101399,0.21330697,992712.4844,0.718092069,7.810975779,1.207617652,0
23G-V08,23G-V,2.605683967,16.46181205,66.97926188,15.14042482,1.173259718,6.824781721,114.4714317,507.7311638,198.3083331,6.283622224,1069.699351,484.4414352,4965.423254,70.67552379,55.55537665,989405.2027,2.027246505,7.428588624,1.194205559,162.964669
23G-V09,23G-V,2.744603573,0.555017,29.47266491,11.24301873,0.661567855,6.240497007,60.2058415,311.2387695,45.78128951,7.557194354,485.9963865,329.1149833,4201.329007,34.23068582,0.370397133,993182.4317,0.651771401,14.02163332,0.787826042,60.32353115
23G-V10,23G-V,2.232922656,18.68053782,73.786358,2.208323457,1.314230518,5.515030159,155.068525,533.84276,308.2529043,6.98121651,728.8126656,373.4555465,6080.346982,83.55459312,7.127575027,977780.7301,2.338443114,4.223187264,0.461297021,170.1053485
23G-V11,23G-V,4.648577347,0,74.03180007,10.28766155,1.70980177,5.761779123,165.3343339,463.6004092,300.9389414,7.505949331,822.7924115,565.8044819,4981.156607,65.65850141,1.634905161,989658.1496,1.941887301,8.07726338,1.027523244,259.1347134
23G-V12,23G-V,1.856658352,0.844470835,82.02262409,9.862170325,0.864961326,4.639405303,170.6861001,671.3691162,133.0962602,9.364320795,684.4788733,471.5969657,5548.317463,84.12250092,2.077685735,989138.7635,1.880234438,3.928130304,0.74487991,0
23G-W01,23G-W,78.86408487,6.284386474,25.59058135,0.173889136,0.945964121,1.398037169,310.7735698,188.8602127,10.16150275,6.394442364,65.4767388,79.20468337,32027.31218,18.48269732,0.328146638,966604.9065,0.578845648,143.7721288,0.15124672,35.4945354
23G-W02,23G-W,112.8048806,5.719082913,16.60868574,0.337623982,1.333889747,0.397187095,406.8882731,276.3881967,10.70749678,6.834424479,87.02362808,58.92483357,38823.94084,9.448156957,0.64989692,959242.2434,0.477670093,238.8955578,0.158783354,32.14650552
23G-W03,23G-W,12.72782686,7.267287393,28.40422565,0.158078242,0.804471415,0.360972856,97.32442565,205.3036287,5.526749309,7.026903453,34.62461759,78.18112166,8591.189249,12.96544283,1.160093897,990618.1349,0.818555154,49.88033826,0.156497909,42.0760937
23G-W04,23G-W,7.147921638,39.91218406,39.67397781,41.78293358,0.926618584,4.604579689,499.6489314,1025.263962,49.40640382,5.747027599,1313.718522,237.0926991,3343.985201,60.24456789,5.988072761,890167.7627,0.856680351,11.88873365,0.282805534,13.37618076
23G-W05,23G-W,6.257366117,9.187219816,54.26439378,1.547516167,1.442215977,2.184486366,131.3574271,854.1580678,987.6963196,6.73761161,1471.267516,378.6507265,6156.858013,22.60559169,1.84788721,982850.3152,2.716370638,11.21913304,1.094070839,147.1995405
23G-W09,23G-W,1.836877832,5.818615456,34.95436812,0.833625263,0.909296366,0.462883449,41.64417991,175.0963842,17.74860468,7.19328299,168.1133385,132.7172724,4492.56004,9.661049187,0.213565182,993738.9249,0.627876189,4.643950956,0.240084764,38.69609009
23G-W10,23G-W,4.519541916,10.90151258,38.41371504,0.947231299,0.844317885,0.605993776,58.85725962,122.4858395,18.67179689,6.459949857,92.59851422,0,6244.972347,21.7746497,1.059272669,992472.1332,9.342703903,27.16478648,0.476323391,0
23G-W13,23G-W,4.743743829,6.981746229,40.7602585,1.074625109,0.946283651,1.419883999,82.90454857,293.7536216,31.4215231,7.407095157,221.4017869,234.6132499,7337.407064,37.57112839,2.261329306,990315.3059,2.991712722,8.117028624,1.010497155,225.0126398
23G-W14,23G-W,12.96605223,4.566251813,33.85957845,0.579397231,0.654260671,0.221326518,106.0651445,247.0989918,11.14132317,6.359430575,15.48258428,121.9690576,11684.80184,19.04408686,0.776459688,986520.0041,1.565329153,45.4288734,0.099757375,0
23G-W18,23G-W,5.031190811,5.484349306,40.33382896,2.116403788,1.027399889,1.516998625,149.5892468,756.4511846,77.20018797,7.437444211,405.5068889,301.2585244,6208.914448,30.58716781,2.186293658,989504.4821,3.555552662,18.83796448,0.926424719,0
23G-X01,23G-X,2.567135407,0.555063841,53.3714748,8.620749705,0.788874219,0.268968303,192.7235147,204.9277487,26.11245101,7.538225192,339.7276149,251.9692728,4545.488962,79.53508802,0.581956582,991989.9407,1.900061274,2.395736745,1.078118092,96.99636808
23G-X02,23G-X,2.193651295,0.873361764,73.78101574,9.011346025,1.943763492,0.752662438,158.0423624,316.6114079,170.3656654,10.78279411,1129.22936,675.6578726,5385.671052,65.34215741,1.387590019,990550.0414,1.537068361,6.65538525,2.71438913,153.3305961
23G-X04,23G-X,3.306349298,0.958795931,60.34930746,7.782049219,1.341841592,0.477055445,59.28613286,266.2866332,31.37303467,8.509954821,209.1292645,228.330503,4130.286361,30.31655589,1.077909835,990176.0544,0.78943989,8.911280518,0.188812865,0
23G-X05,23G-X,2.164373052,0.557587711,45.47882322,8.968050855,1.03374692,4.417164148,92.76074457,355.9344251,61.19297717,8.38016081,623.4872636,346.1778043,4317.910016,23.75716125,0.289180058,990808.0697,0.522201792,6.133883449,0.538210016,45.90845162
23G-X07,23G-X,2.347493225,1.054816246,51.34248427,7.57154795,1.311314286,0.411444576,75.55455232,235.6188152,24.6938244,8.715783685,296.1979484,234.0084046,4435.894077,53.92714041,0.361374895,993388.9823,1.922754835,9.098613013,0.366548895,73.35206118
23G-X09,23G-X,1.228482931,0.818314805,58.69701695,8.74010549,0.936669638,0.487586192,65.99743849,273.6914212,27.67442992,8.540471676,436.6061815,293.5700826,4417.23067,28.37436246,0.502712114,987077.2355,0.465745421,2.965652125,0.435729945,78.27293474
23G-X10,23G-X,1.657672226,0.939107495,63.3404149,9.664877873,2.706697147,0.65622885,57.55038173,291.4338674,17.63512854,8.731562568,294.9699451,212.0574971,4322.749987,30.72628679,0.551402727,984340.4859,0.247719897,2.32334837,0.241522764,29.02638803
23G-X11,23G-X,3.037162782,0.36768259,43.2995408,8.397553637,1.133155449,6.528190192,129.11374,502.7407052,269.4061074,7.850489306,1373.340274,644.5321595,3953.408662,52.95397215,0.392220525,991094.9249,0.78257779,8.074655938,1.181552779,57.22580538
23G-X12,23G-X,1.497226479,9.577824998,46.19292734,0.667932926,0.659368799,4.752394981,44.24004784,206.1588519,15.96567339,8.102727684,440.4369973,186.3518099,5498.747103,27.75513431,0.781641382,990747.5165,0.923198429,2.054911142,0.166939972,101.0748725
23G-X14,23G-X,7.610226298,0.535815961,27.52664469,7.948991991,1.226999158,0.216758449,202.7580162,139.9621404,11.94642312,8.808610203,73.70067706,125.3561788,6916.271987,29.16226753,0.315999082,989775.3644,0.698732604,20.96891897,0.083511652,46.12455027
23G-X18,23G-X,2.452164494,0.418277939,55.89669247,11.45949924,0.974547878,1.981560759,128.9457598,362.5388508,54.61571117,8.8911818,682.5703298,436.8859901,4089.845357,38.08210879,0.803146396,992326.5301,0.772102753,10.41987775,0.666911843,92.38608277
23G-X19,23G-X,2.172134923,2.239501858,35.1430108,10.41664657,1.064740606,0.394235509,54.71232445,159.4353345,38.13488614,9.666302775,165.6601661,0,5424.329243,48.38187527,1.323778769,989483.694,1.15255369,16.17042318,0.293870471,173.9063489
23G-X20,23G-X,1.241488001,0.404182234,47.86300951,7.763941302,1.116732079,0.161965793,78.61662569,194.2086303,49.27787943,9.169358146,104.4782203,174.2737793,3943.993021,36.459101,0.818931956,992318.5688,1.386401793,0.948048082,0.355790929,161.5978239
23G-X21,23G-X,2.865181885,7.107230022,47.71753931,1.571925331,1.4769823,1.862716193,61.49520898,362.6366607,138.1570246,8.698736902,435.3106459,298.8462999,4274.985175,52.72829231,1.200035988,988147.4411,1.417365257,5.234195707,0.372798675,156.967184
23G-X22,23G-X,1.514826666,6.653494837,38.95405375,0.491890747,0.953748401,1.377085906,41.59015884,229.7487753,21.57168498,6.312821312,406.3420457,154.5943289,4392.517435,30.51207647,0.686241136,994355.4064,1.519726836,7.921669078,0.324574307,0
23G-Y01,23G-Y,58.06379936,4.983683723,62.790881,16.84866449,3.685606729,7.175827035,423.8452138,749.4604459,179.7956921,7.01615235,1643.745191,688.186395,4456.946839,41.68593915,0.946939655,976492.7834,0.770575734,309.667459,2.887339176,119.5936201
23G-Y02,23G-Y,133.7659486,2.027949566,56.95233737,19.98997241,12.54864344,12.71448013,270.8766039,1109.82941,240.977024,9.397751015,2879.756509,1075.29927,11343.52029,106.196567,1.595697238,974229.4382,1.095616092,14.56004159,2.332560357,55.72759201
23G-Y03,23G-Y,10.76118092,0.24873305,46.78924094,8.969853459,0.894478373,4.209665544,68.45785864,259.5573306,168.3078296,8.09542208,387.9689256,218.9610264,4183.19371,22.93307234,0.674539969,991038.9306,0.270452947,183.7665939,0.336538229,42.14387217
23G-Y04,23G-Y,9.817034871,0.191990895,32.11307346,9.099088255,0.339271528,6.261892854,65.95966103,208.1810262,18.86999457,8.225014582,372.3898302,201.6306767,4070.710879,34.3082304,0.307768345,994021.4828,0.233029895,180.1486563,0.370905738,35.14186922
23G-Y05,23G-Y,2.041839378,7.504546826,67.31318942,0.302990849,2.154632661,0.301468558,81.1457431,306.9087177,5.978633186,7.449210151,133.9442352,180.899253,5013.170041,62.79429591,0.979907543,993184.719,1.157371047,3.315325258,0.722984197,0
23G-Y06,23G-Y,4.307230478,1.362145824,39.8487959,13.07395664,1.032534565,5.917491385,79.67731235,288.0227611,29.07358502,7.416038478,805.9836891,221.3193397,3900.353038,27.62529249,0.399769577,989523.7761,0.851314364,43.54417361,0.375430125,43.38251537
23G-Y07,23G-Y,11.11846708,4.405446858,44.59064368,20.42903031,1.681632491,8.424196133,163.2227571,295.8739961,66.1833626,7.98466578,1085.43874,241.4831623,5040.110541,53.6249644,1.955264176,977561.4758,1.336104245,49.52794832,0.583454349,57.64566257
23G-Y08,23G-Y,4.187610999,12.04064175,52.29035633,42.31695297,7.160349112,0.489086269,179.6050529,286.7348606,256.1807759,11.75089569,335.777723,726.3553688,5422.322215,133.5556619,63.24423045,960653.2674,1.809329148,8.004462525,1.123344773,1157.577055
23G-Y09,23G-Y,4.158335965,0.110549965,37.92614568,7.79386861,0.372517452,4.130386693,55.56808537,204.5806779,27.06624138,8.032853121,338.2844939,173.965232,3787.87848,27.96191045,0.199645133,994518.6493,0.16213485,40.61952298,0.220544494,35.99279178
23G-Y10,23G-Y,2.233234628,0.374636901,72.1852392,10.09620029,1.577564586,4.670102428,84.69601292,516.8518593,83.19050616,8.555729923,694.1926109,444.7343129,3913.575884,46.84097182,0.448453455,993534.4774,2.032212969,5.21887303,1.034232157,0
23G-Z01,23G-Z,4.853887479,9.036495921,67.24374624,1.563609539,0.990700973,4.575704384,106.8299335,572.2694758,154.2661754,7.10455722,1177.207238,359.0303519,6125.952853,52.96497192,2.497231895,984247.9527,2.765143423,18.71626085,1.134579252,77.95551222
23G-Z02,23G-Z,644.9649919,9.651614331,58.59602671,1.210897755,1.964629235,2.666390659,116.8580909,638.5447261,334.917985,10.02911672,1042.715579,457.22058,8430.453071,84.83736456,4.684607537,963099.9573,5.412718081,13222.68039,1.405869758,0
23G-Z03,23G-Z,11.72986526,29.21755761,55.80149195,8.392685183,2.752637118,2.441971679,125.5641472,582.4425361,145.2043455,9.998533126,1324.836811,580.6348218,7316.619862,119.1552021,8.293669149,981152.0303,5.877402991,4.697728031,5.797080273,0
23G-Z04,23G-Z,5.996361275,16.19107942,59.39431776,2.221677796,0.910833755,12.47429749,148.8502302,564.6105933,200.3430414,9.378274662,1359.544642,327.704334,6010.988697,39.38423428,2.710452679,977628.3451,7.20297422,11.0772194,1.641937155,175.7653456
23G-Z05,23G-Z,102.1381555,5.883997873,80.52155991,0.817793296,13.05204826,21.34675486,195.0335284,969.1748961,106.1438286,6.873866937,1042.492681,445.7218237,38288.14704,23.49120142,0.867687922,948142.2583,3.255306085,25.63230995,0.678411639,125.2690255
23G-Z07,23G-Z,78.8311874,19.23030197,87.66907711,4.970545361,21.18411458,4.877755999,315.4777305,1325.087542,670.6966362,10.42398801,4008.415771,1015.562838,33810.67061,53.76102143,4.348726405,930618.6948,5.204546993,79.22082357,3.519420929,184.6383286
23G-Z08,23G-Z,7.373752745,7.617440033,37.14353142,1.31292444,1.236896146,7.214983278,111.6670024,505.2625868,367.901818,12.04285509,1153.332336,349.8973527,9610.540657,34.13173515,0.950212965,984492.9482,3.074739542,3.379724621,1.379459629,117.5231196
23G-Z09,23G-Z,8.602219631,14.87034104,55.82840175,1.88638108,1.501920851,6.705569182,271.8512746,938.2704295,222.4505934,8.844659649,1739.695121,602.8857338,6854.183976,42.54110355,2.908565811,980653.9767,2.689046002,12.00309477,1.166288058,111.7002136
23G-Z10,23G-Z,2193.660065,12.27305947,26.49047188,1.329061329,1.151333371,24.98378193,119.904292,339.8849794,325.5592133,6.70332019,1125.192724,470.3402126,10657.92306,70.95238471,2.709424682,886834.2081,3.131168452,92562.57737,1.427433729,180.3081606
23G-Z12,23G-Z,16.53456023,6.899722721,10.62151638,1.223123547,3.963884827,22.02274239,74.85435959,271.2885759,65.491504,6.338745097,635.3270061,202.7144982,13066.44627,21.27534034,0.762082511,982597.2116,4.104264654,8.699567598,0.454768559,46.55236957
23G-Z13,23G-Z,220.8977122,18.44221695,56.20138401,5.924080396,8.303727048,11.05040868,316.011058,535.4979635,4691.233397,8.708857308,2279.925531,329.2072057,21456.56951,93.93541591,6.224786573,946784.4287,4.708619824,115.3931192,0.883358261,217.7767198
23G-Z14,23G-Z,17.06679475,7.533331036,68.39230515,0.486624103,1.900194937,15.12077119,112.5676702,692.8869302,143.3130179,6.756953409,951.2857053,410.2194925,9483.564016,47.09698253,0.913617697,984037.9123,1.501624389,9.748686889,0.750162486,59.76704003
23G-Z15,23G-Z,4.799079255,9.667638303,61.71567397,2.031378324,1.057126609,8.068681786,97.94986999,613.160359,133.356158,6.633532321,1653.373968,448.1660984,6625.113148,92.04119331,2.655818343,986985.6294,4.092290474,7.466158549,0.827077794,0
23G-Z16,23G-Z,22.61286673,22.80309774,40.28409989,9.772322998,9.876738326,6.205812514,207.5387952,865.3270062,620.9039589,20.5100963,2692.446396,1389.193098,13391.74635,159.5913682,6.817521606,954815.1067,12.60595799,1530.481206,3.724771726,0
23G-Z17,23G-Z,18.62370107,13.97650559,59.99409015,2.94662968,0.99108903,23.03833792,267.0327865,792.227035,186.7530892,11.23584675,4503.021575,584.133357,5377.438263,33.58585554,7.568584197,949946.8625,1.398662228,205.1028585,1.555824934,112.519552
